{
	"variables": [],
	"info": {
		"name": "THING-BOOK-LOCAL",
		"_postman_id": "e729c50c-7f24-6b02-d898-9549498bf3a7",
		"description": "",
		"schema": "https://schema.getpostman.com/json/collection/v2.0.0/collection.json"
	},
	"item": [
		{
			"name": "AUTHENTICATION",
			"description": "",
			"item": [
				{
					"name": "Generate Token",
					"event": [
						{
							"listen": "test",
							"script": {
								"type": "text/javascript",
								"exec": [
									"var data = JSON.parse(responseBody);",
									"postman.setEnvironmentVariable(\"token\", data.access_token);"
								]
							}
						}
					],
					"request": {
						"url": "http://localhost:9100/auth/token",
						"method": "GET",
						"header": [
							{
								"key": "X-AUTH-CODE",
								"value": "",
								"description": ""
							},
							{
								"key": "CLIENT-TYPE",
								"value": "mobile",
								"description": ""
							}
						],
						"body": {},
						"description": "Generate Token"
					},
					"response": []
				},
				{
					"name": "Validate Token",
					"request": {
						"url": "http://localhost:9100/auth/token/validation",
						"method": "GET",
						"header": [
							{
								"key": "X-AUTH-TOKEN",
								"value": "{{token}}",
								"description": ""
							},
							{
								"key": "CLIENT-TYPE",
								"value": "{{client}}",
								"description": ""
							}
						],
						"body": {},
						"description": "Verify Token Signature like token validatity,issuer\r\n"
					},
					"response": []
				},
				{
					"name": "refresh User Token",
					"request": {
						"url": "http://localhost:9100/auth/token/new",
						"method": "GET",
						"header": [
							{
								"key": "X-AUTH-TOKEN",
								"value": "{{token}}",
								"description": ""
							},
							{
								"key": "CLIENT-TYPE",
								"value": "{{client}}",
								"description": ""
							},
							{
								"key": "BoschGlobalUserID",
								"value": "",
								"description": ""
							}
						],
						"body": {},
						"description": "Call's eIdp and synchronize's user profile\r\n"
					},
					"response": []
				},
				{
					"name": "Add Token",
					"request": {
						"url": "http://localhost:9100/auth/token",
						"method": "POST",
						"header": [
							{
								"key": "X-AUTH-TOKEN",
								"value": "{{token}}",
								"description": ""
							},
							{
								"key": "X-AUTH-REFRESH-TOKEN",
								"value": "",
								"description": ""
							}
						],
						"body": {},
						"description": "Adds the token"
					},
					"response": []
				},
				{
					"name": "add User Token",
					"request": {
						"url": "http://localhost:9100/auth/token",
						"method": "POST",
						"header": [
							{
								"key": "X-AUTH-TOKEN",
								"value": "{{token}}",
								"description": ""
							},
							{
								"key": "X-AUTH-REFRESH-TOKEN",
								"value": "",
								"description": ""
							}
						],
						"body": {},
						"description": "Validates access token and stores refresh token and access token in TB DB\r\n\r\n"
					},
					"response": []
				}
			]
		},
		{
			"name": "INVENTORY",
			"description": "",
			"item": [
				{
					"name": "Add Inventory",
					"request": {
						"url": "http://localhost:9108/inventories/00000346047523?lang=en",
						"method": "POST",
						"header": [
							{
								"key": "X-AUTH-TOKEN",
								"value": "{{token}}",
								"description": ""
							}
						],
						"body": {},
						"description": "After adding the product to the inventory, run the get Inventory method.\nThis will set the inventoryItemId and inventoryId to the environment variable.\nSo that there is no need of adding the ids in other api calls."
					},
					"response": []
				},
				{
					"name": "GET Inventory",
					"request": {
						"url": "http://localhost:9108/inventories/",
						"method": "GET",
						"header": [
							{
								"key": "X-AUTH-TOKEN",
								"value": "{{token}}",
								"description": ""
							}
						],
						"body": {},
						"description": ""
					},
					"response": []
				},
				{
					"name": "Get Inventory Item Media File",
					"request": {
						"url": "http://localhost:9108/inventories/{{inventoryItemId}}/media/{{fileId}}",
						"method": "GET",
						"header": [
							{
								"key": "X-AUTH-TOKEN",
								"value": "{{token}}",
								"description": ""
							}
						],
						"body": {
							"mode": "file",
							"file": {
								"src": ""
							}
						},
						"description": ""
					},
					"response": []
				},
				{
					"name": "Get Inventory Item Warranty",
					"request": {
						"url": "http://localhost:9108/inventories/{{inventoryId}}/{{inventoryItemId}}/warranty",
						"method": "GET",
						"header": [
							{
								"key": "X-AUTH-TOKEN",
								"value": "{{token}}",
								"description": ""
							}
						],
						"body": {
							"mode": "raw",
							"raw": "{\r\n  \"currency\": \"string\",\r\n  \"payment\": \"string\",\r\n  \"price\": 0,\r\n  \"purchaseDate\": \"2017-05-24T12:04:23.064Z\",\r\n  \"seller\": \"string\",\r\n  \"warrantyDate\": \"2017-05-24T12:04:23.064Z\",\r\n  \"warrantyRuntimeType\": \"string\",\r\n  \"warrantyRuntimeValue\": \"string\"\r\n}"
						},
						"description": ""
					},
					"response": []
				},
				{
					"name": "Get Inventory Item",
					"request": {
						"url": "http://localhost:9108/inventories/{{inventoryItemId}}?lang=en",
						"method": "GET",
						"header": [
							{
								"key": "X-AUTH-TOKEN",
								"value": "{{token}}",
								"description": ""
							},
							{
								"key": "Content-Type",
								"value": "application/json",
								"description": ""
							}
						],
						"body": {
							"mode": "raw",
							"raw": "{\r\n  \"inventoryItemIDs\": [\r\n    \"string\"\r\n  ],\r\n  \"inventoryItemIds\": [\r\n    \"string\"\r\n  ],\r\n  \"productIDs\": [\r\n    \"string\"\r\n  ],\r\n  \"productIds\": [\r\n    \"string\"\r\n  ]\r\n}"
						},
						"description": ""
					},
					"response": []
				},
				{
					"name": "Upload Inventory Item Media",
					"request": {
						"url": "http://localhost:9108/inventories/{{inventoryItemId}}/media",
						"method": "POST",
						"header": [
							{
								"key": "X-AUTH-TOKEN",
								"value": "{{token}}",
								"description": ""
							}
						],
						"body": {
							"mode": "file",
							"file": {
								"src": ""
							}
						},
						"description": ""
					},
					"response": []
				},
				{
					"name": "Update Rating For Inventory Item",
					"request": {
						"url": "http://localhost:9108/inventories/ratings",
						"method": "POST",
						"header": [
							{
								"key": "X-AUTH-TOKEN",
								"value": "{{token}}",
								"description": ""
							},
							{
								"key": "Content-Type",
								"value": "application/json",
								"description": ""
							}
						],
						"body": {
							"mode": "raw",
							"raw": "{\r\n  \"averageRating\": 0,\r\n  \"numOfRatings\": 0,\r\n  \"productId\": \"string\",\r\n  \"userRating\": 0\r\n}"
						},
						"description": ""
					},
					"response": []
				},
				{
					"name": "Add Multiple Inventory Items",
					"request": {
						"url": "http://localhost:9108/inventories/multiple",
						"method": "POST",
						"header": [
							{
								"key": "X-AUTH-TOKEN",
								"value": "{{token}}",
								"description": ""
							},
							{
								"key": "Content-Type",
								"value": "application/json",
								"description": ""
							}
						],
						"body": {
							"mode": "raw",
							"raw": "{\r\n  \"inventoryItemIDs\": [\r\n    \"string\"\r\n  ],\r\n  \"inventoryItemIds\": [\r\n    \"string\"\r\n  ],\r\n  \"productIDs\": [\r\n    \"string\"\r\n  ],\r\n  \"productIds\": [\r\n    \"string\"\r\n  ]\r\n}"
						},
						"description": ""
					},
					"response": []
				},
				{
					"name": "Update Inventory Item Media File",
					"request": {
						"url": "http://localhost:9108/inventories/{{inventoryItemId}}/media/{{fileId}}?newFileName=123123",
						"method": "PUT",
						"header": [
							{
								"key": "X-AUTH-TOKEN",
								"value": "{{token}}",
								"description": ""
							}
						],
						"body": {
							"mode": "file",
							"file": {
								"src": ""
							}
						},
						"description": ""
					},
					"response": []
				},
				{
					"name": "Update Inventory Item Warranty",
					"request": {
						"url": "http://localhost:9108/inventories/{{inventoryItemId}}/warranty",
						"method": "PUT",
						"header": [
							{
								"key": "X-AUTH-TOKEN",
								"value": "{{token}}",
								"description": ""
							},
							{
								"key": "Content-Type",
								"value": "application/json",
								"description": ""
							}
						],
						"body": {
							"mode": "raw",
							"raw": "{\r\n  \"currency\": \"string\",\r\n  \"payment\": \"string\",\r\n  \"price\": 0,\r\n  \"purchaseDate\": \"2017-05-24T12:04:23.064Z\",\r\n  \"seller\": \"string\",\r\n  \"warrantyDate\": \"2017-05-24T12:04:23.064Z\",\r\n  \"warrantyRuntimeType\": \"string\",\r\n  \"warrantyRuntimeValue\": \"string\"\r\n}"
						},
						"description": ""
					},
					"response": []
				},
				{
					"name": "Delete Multiple Inventory Items",
					"request": {
						"url": "http://localhost:9108/inventories/multiple",
						"method": "PUT",
						"header": [
							{
								"key": "X-AUTH-TOKEN",
								"value": "{{token}}",
								"description": ""
							},
							{
								"key": "Content-Type",
								"value": "application/json",
								"description": ""
							}
						],
						"body": {
							"mode": "raw",
							"raw": "{\r\n  \"inventoryItemIDs\": [\r\n    \"string\"\r\n  ],\r\n  \"inventoryItemIds\": [\r\n    \"string\"\r\n  ],\r\n  \"productIDs\": [\r\n    \"string\"\r\n  ],\r\n  \"productIds\": [\r\n    \"string\"\r\n  ]\r\n}"
						},
						"description": ""
					},
					"response": []
				},
				{
					"name": "Delete Inventory",
					"request": {
						"url": "http://localhost:9108/inventories/",
						"method": "DELETE",
						"header": [
							{
								"key": "X-AUTH-TOKEN",
								"value": "{{token}}",
								"description": ""
							}
						],
						"body": {},
						"description": ""
					},
					"response": []
				},
				{
					"name": "Delete Inventory Item",
					"request": {
						"url": "http://localhost:9108/inventories/{{inventoryItemId}}",
						"method": "DELETE",
						"header": [
							{
								"key": "X-AUTH-TOKEN",
								"value": "{{token}}",
								"description": ""
							}
						],
						"body": {},
						"description": ""
					},
					"response": []
				},
				{
					"name": "Delete Inventory Item Media File",
					"request": {
						"url": "http://localhost:9108/inventories/{{inventoryItemId}}/media/{{fileId}}",
						"method": "DELETE",
						"header": [
							{
								"key": "X-AUTH-TOKEN",
								"value": "{{token}}",
								"description": ""
							}
						],
						"body": {
							"mode": "file",
							"file": {
								"src": ""
							}
						},
						"description": ""
					},
					"response": []
				}
			]
		},
		{
			"name": "LOYALTY",
			"description": "",
			"item": [
				{
					"name": "Get Customer Personal Info",
					"request": {
						"url": "http://localhost:9203/loyalty/channels/{{channelId}}/customers?lang=en",
						"method": "GET",
						"header": [
							{
								"key": "X-AUTH-TOKEN",
								"value": "{{token}}",
								"description": ""
							}
						],
						"body": {},
						"description": ""
					},
					"response": []
				},
				{
					"name": "Update Customer Personal Info",
					"request": {
						"url": "http://localhost:9203/loyalty/channels/{{channelId}}/customers?lang=en",
						"method": "PUT",
						"header": [
							{
								"key": "X-AUTH-TOKEN",
								"value": "{{token}}",
								"description": ""
							},
							{
								"key": "Content-Type",
								"value": "application/json",
								"description": ""
							}
						],
						"body": {
							"mode": "raw",
							"raw": "{\r\n  \"birthday\": {\r\n    \"centuryOfEra\": 0,\r\n    \"chronology\": {\r\n      \"zone\": {\r\n        \"fixed\": true,\r\n        \"id\": \"string\"\r\n      }\r\n    },\r\n    \"dayOfMonth\": 0,\r\n    \"dayOfWeek\": 0,\r\n    \"dayOfYear\": 0,\r\n    \"era\": 0,\r\n    \"fieldTypes\": [\r\n      {\r\n        \"durationType\": {\r\n          \"name\": \"string\"\r\n        },\r\n        \"name\": \"string\",\r\n        \"rangeDurationType\": {\r\n          \"name\": \"string\"\r\n        }\r\n      }\r\n    ],\r\n    \"fields\": [\r\n      {\r\n        \"durationField\": {\r\n          \"name\": \"string\",\r\n          \"precise\": true,\r\n          \"supported\": true,\r\n          \"type\": {\r\n            \"name\": \"string\"\r\n          },\r\n          \"unitMillis\": 0\r\n        },\r\n        \"leapDurationField\": {\r\n          \"name\": \"string\",\r\n          \"precise\": true,\r\n          \"supported\": true,\r\n          \"type\": {\r\n            \"name\": \"string\"\r\n          },\r\n          \"unitMillis\": 0\r\n        },\r\n        \"lenient\": true,\r\n        \"maximumValue\": 0,\r\n        \"minimumValue\": 0,\r\n        \"name\": \"string\",\r\n        \"rangeDurationField\": {\r\n          \"name\": \"string\",\r\n          \"precise\": true,\r\n          \"supported\": true,\r\n          \"type\": {\r\n            \"name\": \"string\"\r\n          },\r\n          \"unitMillis\": 0\r\n        },\r\n        \"supported\": true,\r\n        \"type\": {\r\n          \"durationType\": {\r\n            \"name\": \"string\"\r\n          },\r\n          \"name\": \"string\",\r\n          \"rangeDurationType\": {\r\n            \"name\": \"string\"\r\n          }\r\n        }\r\n      }\r\n    ],\r\n    \"monthOfYear\": 0,\r\n    \"values\": [\r\n      0\r\n    ],\r\n    \"weekOfWeekyear\": 0,\r\n    \"weekyear\": 0,\r\n    \"year\": 0,\r\n    \"yearOfCentury\": 0,\r\n    \"yearOfEra\": 0\r\n  },\r\n  \"emailAddr\": \"string\",\r\n  \"familyName\": \"string\",\r\n  \"givenName\": \"string\",\r\n  \"mobilePhoneNr\": \"string\",\r\n  \"title\": \"string\"\r\n}"
						},
						"description": ""
					},
					"response": []
				},
				{
					"name": "Get Memebership Info",
					"request": {
						"url": "http://localhost:9203/loyalty/channels/{{channelId}}/memberships?lang=en",
						"method": "GET",
						"header": [
							{
								"key": "X-AUTH-TOKEN",
								"value": "{{token}}",
								"description": ""
							}
						],
						"body": {
							"mode": "raw",
							"raw": "{\r\n  \"birthday\": {\r\n    \"centuryOfEra\": 0,\r\n    \"chronology\": {\r\n      \"zone\": {\r\n        \"fixed\": true,\r\n        \"id\": \"string\"\r\n      }\r\n    },\r\n    \"dayOfMonth\": 0,\r\n    \"dayOfWeek\": 0,\r\n    \"dayOfYear\": 0,\r\n    \"era\": 0,\r\n    \"fieldTypes\": [\r\n      {\r\n        \"durationType\": {\r\n          \"name\": \"string\"\r\n        },\r\n        \"name\": \"string\",\r\n        \"rangeDurationType\": {\r\n          \"name\": \"string\"\r\n        }\r\n      }\r\n    ],\r\n    \"fields\": [\r\n      {\r\n        \"durationField\": {\r\n          \"name\": \"string\",\r\n          \"precise\": true,\r\n          \"supported\": true,\r\n          \"type\": {\r\n            \"name\": \"string\"\r\n          },\r\n          \"unitMillis\": 0\r\n        },\r\n        \"leapDurationField\": {\r\n          \"name\": \"string\",\r\n          \"precise\": true,\r\n          \"supported\": true,\r\n          \"type\": {\r\n            \"name\": \"string\"\r\n          },\r\n          \"unitMillis\": 0\r\n        },\r\n        \"lenient\": true,\r\n        \"maximumValue\": 0,\r\n        \"minimumValue\": 0,\r\n        \"name\": \"string\",\r\n        \"rangeDurationField\": {\r\n          \"name\": \"string\",\r\n          \"precise\": true,\r\n          \"supported\": true,\r\n          \"type\": {\r\n            \"name\": \"string\"\r\n          },\r\n          \"unitMillis\": 0\r\n        },\r\n        \"supported\": true,\r\n        \"type\": {\r\n          \"durationType\": {\r\n            \"name\": \"string\"\r\n          },\r\n          \"name\": \"string\",\r\n          \"rangeDurationType\": {\r\n            \"name\": \"string\"\r\n          }\r\n        }\r\n      }\r\n    ],\r\n    \"monthOfYear\": 0,\r\n    \"values\": [\r\n      0\r\n    ],\r\n    \"weekOfWeekyear\": 0,\r\n    \"weekyear\": 0,\r\n    \"year\": 0,\r\n    \"yearOfCentury\": 0,\r\n    \"yearOfEra\": 0\r\n  },\r\n  \"emailAddr\": \"string\",\r\n  \"familyName\": \"string\",\r\n  \"givenName\": \"string\",\r\n  \"mobilePhoneNr\": \"string\",\r\n  \"title\": \"string\"\r\n}"
						},
						"description": ""
					},
					"response": []
				},
				{
					"name": "Create Memebership",
					"request": {
						"url": "http://localhost:9203/loyalty/channels/{{channelId}}/memberships?lang=en",
						"method": "POST",
						"header": [
							{
								"key": "X-AUTH-TOKEN",
								"value": "{{token}}",
								"description": ""
							},
							{
								"key": "Content-Type",
								"value": "application/json",
								"description": ""
							}
						],
						"body": {
							"mode": "raw",
							"raw": "{\r\n  \"birthday\": {\r\n    \"centuryOfEra\": 0,\r\n    \"chronology\": {\r\n      \"zone\": {\r\n        \"fixed\": true,\r\n        \"id\": \"string\"\r\n      }\r\n    },\r\n    \"dayOfMonth\": 0,\r\n    \"dayOfWeek\": 0,\r\n    \"dayOfYear\": 0,\r\n    \"era\": 0,\r\n    \"fieldTypes\": [\r\n      {\r\n        \"durationType\": {\r\n          \"name\": \"string\"\r\n        },\r\n        \"name\": \"string\",\r\n        \"rangeDurationType\": {\r\n          \"name\": \"string\"\r\n        }\r\n      }\r\n    ],\r\n    \"fields\": [\r\n      {\r\n        \"durationField\": {\r\n          \"name\": \"string\",\r\n          \"precise\": true,\r\n          \"supported\": true,\r\n          \"type\": {\r\n            \"name\": \"string\"\r\n          },\r\n          \"unitMillis\": 0\r\n        },\r\n        \"leapDurationField\": {\r\n          \"name\": \"string\",\r\n          \"precise\": true,\r\n          \"supported\": true,\r\n          \"type\": {\r\n            \"name\": \"string\"\r\n          },\r\n          \"unitMillis\": 0\r\n        },\r\n        \"lenient\": true,\r\n        \"maximumValue\": 0,\r\n        \"minimumValue\": 0,\r\n        \"name\": \"string\",\r\n        \"rangeDurationField\": {\r\n          \"name\": \"string\",\r\n          \"precise\": true,\r\n          \"supported\": true,\r\n          \"type\": {\r\n            \"name\": \"string\"\r\n          },\r\n          \"unitMillis\": 0\r\n        },\r\n        \"supported\": true,\r\n        \"type\": {\r\n          \"durationType\": {\r\n            \"name\": \"string\"\r\n          },\r\n          \"name\": \"string\",\r\n          \"rangeDurationType\": {\r\n            \"name\": \"string\"\r\n          }\r\n        }\r\n      }\r\n    ],\r\n    \"monthOfYear\": 0,\r\n    \"values\": [\r\n      0\r\n    ],\r\n    \"weekOfWeekyear\": 0,\r\n    \"weekyear\": 0,\r\n    \"year\": 0,\r\n    \"yearOfCentury\": 0,\r\n    \"yearOfEra\": 0\r\n  },\r\n  \"emailAddr\": \"string\",\r\n  \"familyName\": \"string\",\r\n  \"givenName\": \"string\",\r\n  \"mobilePhoneNr\": \"string\",\r\n  \"title\": \"string\"\r\n}"
						},
						"description": ""
					},
					"response": []
				},
				{
					"name": "Delete Memebership",
					"request": {
						"url": "http://localhost:9203/loyalty/channels/{{channelId}}/memberships?lang=en",
						"method": "DELETE",
						"header": [
							{
								"key": "X-AUTH-TOKEN",
								"value": "{{token}}",
								"description": ""
							}
						],
						"body": {
							"mode": "raw",
							"raw": ""
						},
						"description": ""
					},
					"response": []
				},
				{
					"name": "Get Membership Binding Request",
					"request": {
						"url": "http://localhost:9203/loyalty/channels/{{channelId}}/memberships/bindingrequests?lang=en",
						"method": "GET",
						"header": [
							{
								"key": "X-AUTH-TOKEN",
								"value": "{{token}}",
								"description": ""
							}
						],
						"body": {
							"mode": "raw",
							"raw": ""
						},
						"description": ""
					},
					"response": []
				},
				{
					"name": "Reply to Binding Request",
					"request": {
						"url": "http://localhost:9203/loyalty/channels/{{channelId}}/memberships/bindingrequests/{{bindingRequestID}}?confirmOrNot=true&lang=en",
						"method": "PUT",
						"header": [
							{
								"key": "X-AUTH-TOKEN",
								"value": "{{token}}",
								"description": ""
							}
						],
						"body": {
							"mode": "raw",
							"raw": ""
						},
						"description": ""
					},
					"response": []
				},
				{
					"name": "Get Customer Touch Point Info",
					"request": {
						"url": "http://localhost:9203/loyalty/channels/{{channelId}}/touchpoints/{{touchPointType}}",
						"method": "GET",
						"header": [
							{
								"key": "X-AUTH-TOKEN",
								"value": "{{token}}",
								"description": ""
							}
						],
						"body": {
							"mode": "raw",
							"raw": ""
						},
						"description": ""
					},
					"response": []
				},
				{
					"name": "Set Customer Touch Point Info",
					"request": {
						"url": "http://localhost:9203/loyalty/channels/{{channelId}}/touchpoints/{{touchPointID}}?lang=en",
						"method": "POST",
						"header": [
							{
								"key": "X-AUTH-TOKEN",
								"value": "{{token}}",
								"description": ""
							},
							{
								"key": "Content-Type",
								"value": "application/json",
								"description": ""
							}
						],
						"body": {
							"mode": "raw",
							"raw": "{\"userInput\":\"String\"}"
						},
						"description": ""
					},
					"response": []
				},
				{
					"name": "Get Customer Tracking Log",
					"request": {
						"url": "http://localhost:9203/loyalty/channels/{{channelId}}/activitylogs/{{topicID}}",
						"method": "GET",
						"header": [
							{
								"key": "X-AUTH-TOKEN",
								"value": "{{token}}",
								"description": ""
							}
						],
						"body": {
							"mode": "raw",
							"raw": "{\"userInput\":\"String\"}"
						},
						"description": ""
					},
					"response": []
				},
				{
					"name": "Get Customer Profile Tags",
					"request": {
						"url": "http://localhost:9203/loyalty/channels/{{channelId}}/profiletags?lang=en",
						"method": "GET",
						"header": [
							{
								"key": "X-AUTH-TOKEN",
								"value": "{{token}}",
								"description": ""
							}
						],
						"body": {
							"mode": "raw",
							"raw": "{\"userInput\":\"String\"}"
						},
						"description": "customerProfileTags is list of tags of String Type"
					},
					"response": []
				},
				{
					"name": "Get Product Reccommendation",
					"request": {
						"url": "http://localhost:9203/loyalty/channels/{{channelId}}/recommendations?customerProfileTags=TAG1%2CTAG2&lang=en",
						"method": "GET",
						"header": [
							{
								"key": "X-AUTH-TOKEN",
								"value": "{{token}}",
								"description": ""
							}
						],
						"body": {
							"mode": "raw",
							"raw": "{\"userInput\":\"String\"}"
						},
						"description": "customerProfileTags is list of tags of String Type [\"String\",\"String\"]"
					},
					"response": []
				},
				{
					"name": "Get Customer Personal Info Domain",
					"request": {
						"url": "http://localhost:9203/loyalty/channels/{{channelId}}/customers/test",
						"method": "GET",
						"header": [
							{
								"key": "X-AUTH-TOKEN",
								"value": "{{token}}",
								"description": ""
							}
						],
						"body": {
							"mode": "raw",
							"raw": "{\"userInput\":\"String\"}"
						},
						"description": ""
					},
					"response": []
				}
			]
		},
		{
			"name": "PRODUCT",
			"description": "",
			"item": [
				{
					"name": "Product Search - Subset",
					"request": {
						"url": "http://localhost:9103/products/?keyWords=bosch&page=0&size=10&sortField=brand&sortOrder=ASC&lang=en&dataset=subset",
						"method": "GET",
						"header": [],
						"body": {},
						"description": ""
					},
					"response": []
				},
				{
					"name": "Product Search - Full data",
					"request": {
						"url": "http://localhost:9103/products/?keyWords=bosch&page=0&size=10&sortField=brand&sortOrder=ASC&lang=en&dataset=full",
						"method": "GET",
						"header": [],
						"body": {},
						"description": ""
					},
					"response": []
				},
				{
					"name": "Product Details",
					"request": {
						"url": "http://localhost:9103/products/00000346304862?lang=en",
						"method": "GET",
						"header": [],
						"body": {},
						"description": ""
					},
					"response": []
				},
				{
					"name": "Get Attributes",
					"request": {
						"url": "http://localhost:9103/products/productAttributes",
						"method": "GET",
						"header": [],
						"body": {},
						"description": ""
					},
					"response": []
				},
				{
					"name": "Get Products By category Id",
					"request": {
						"url": " http://localhost:9103/products/categories/10003659?recursive=false&pageSize=10&pageNumber=0&lang=en&dataset=subset",
						"method": "GET",
						"header": [],
						"body": {},
						"description": ""
					},
					"response": []
				},
				{
					"name": "Get Product Category by product id",
					"request": {
						"url": " http://localhost:9103/products/categoryIds/00000346304862?language=EN",
						"method": "GET",
						"header": [],
						"body": {},
						"description": ""
					},
					"response": []
				},
				{
					"name": "Get Products List by Product Ids",
					"request": {
						"url": " http://localhost:9103/products/collection/00000346378733%2C00000346378979?lang=en",
						"method": "GET",
						"header": [],
						"body": {},
						"description": ""
					},
					"response": []
				}
			]
		},
		{
			"name": "PRODUCT-TAXONOMY",
			"description": "",
			"item": [
				{
					"name": "Get Product Category By Semantics Code",
					"request": {
						"url": "http://localhost:9111/taxonomy/semantics?sCode=10001718",
						"method": "GET",
						"header": [],
						"body": {},
						"description": ""
					},
					"response": []
				},
				{
					"name": "Get Al Segments Code",
					"request": {
						"url": "http://localhost:9111/taxonomy/segments?lang=EN",
						"method": "GET",
						"header": [],
						"body": {},
						"description": ""
					},
					"response": []
				},
				{
					"name": "Get Product Taxonomy By Code",
					"request": {
						"url": "http://localhost:9111/taxonomy/68000000?lang=EN",
						"method": "GET",
						"header": [],
						"body": {},
						"description": ""
					},
					"response": []
				},
				{
					"name": "Get Sub Product Taxonomy By Parent Code",
					"request": {
						"url": "http://localhost:9111/taxonomy/children/68000000?lang=EN",
						"method": "GET",
						"header": [],
						"body": {},
						"description": "By using this API, you will get the direct sub taxonomy information of the code passed in."
					},
					"response": []
				},
				{
					"name": "Get Parent Code",
					"request": {
						"url": "http://localhost:9111/taxonomy/parents/68040000",
						"method": "GET",
						"header": [],
						"body": {},
						"description": "By using this API, you get the parent taxonomy codes of the passed in code, eg: if you pass in an class code, you will get the family code and segment code of it. This mainly used while display to the service company what they have selected."
					},
					"response": []
				},
				{
					"name": "Get Family Info By Segment Code",
					"request": {
						"url": "http://localhost:9111/taxonomy/segments/68000000/families?lang=EN",
						"method": "GET",
						"header": [],
						"body": {},
						"description": "By using this API, you will get the family information which belong to the segment code passed."
					},
					"response": []
				},
				{
					"name": "Get Brick Info By Parent Code",
					"request": {
						"url": "http://localhost:9111/taxonomy/segments/families/classes/70010500/bricks?lang=EN",
						"method": "GET",
						"header": [],
						"body": {},
						"description": "By using this API, you will get the brick information which belong to the class code passed."
					},
					"response": []
				},
				{
					"name": "Get Bricks Info By KeyWord",
					"request": {
						"url": "http://localhost:9111/taxonomy/taxonomy/?keyWords=washer&lang=EN&page=0&size=10",
						"method": "GET",
						"header": [],
						"body": {
							"mode": "file",
							"file": {
								"src": ""
							}
						},
						"description": "By using this API, you will get the brick information which belong to the class code passed."
					},
					"response": []
				},
				{
					"name": "Get All Collection - TEST",
					"request": {
						"url": "http://localhost:9111/taxonomy/getCollections",
						"method": "GET",
						"header": [],
						"body": {
							"mode": "file",
							"file": {
								"src": ""
							}
						},
						"description": "Get All Collections of the Thing Book Test Only"
					},
					"response": []
				},
				{
					"name": "Get Child and Ancestors by Category Id",
					"request": {
						"url": "http://localhost:9111/taxonomy/10001734/parents/children?lang=EN",
						"method": "GET",
						"header": [],
						"body": {
							"mode": "file",
							"file": {
								"src": ""
							}
						},
						"description": "By using this API children and Ancestors for the give category id"
					},
					"response": []
				},
				{
					"name": "Import Category",
					"request": {
						"url": "http://localhost:9111/taxonomy/import",
						"method": "POST",
						"header": [
							{
								"key": "X-AUTH-TOKEN",
								"value": "{{token}}",
								"description": ""
							},
							{
								"key": "Content-Type",
								"value": "application/x-www-form-urlencoded",
								"description": ""
							}
						],
						"body": {
							"mode": "file",
							"file": {
								"src": ""
							}
						},
						"description": ""
					},
					"response": []
				},
				{
					"name": "Import GS1 And SemanticsMapping",
					"request": {
						"url": "http://localhost:9111/taxonomy/gs1/semantics",
						"method": "POST",
						"header": [
							{
								"key": "X-AUTH-TOKEN",
								"value": "{{token}}",
								"description": ""
							},
							{
								"key": "Content-Type",
								"value": "application/x-www-form-urlencoded",
								"description": ""
							}
						],
						"body": {
							"mode": "file",
							"file": {
								"src": ""
							}
						},
						"description": ""
					},
					"response": []
				},
				{
					"name": "Drop Collection - TEST",
					"request": {
						"url": "http://localhost:9111/taxonomy/dropCollection",
						"method": "DELETE",
						"header": [
							{
								"key": "X-AUTH-TOKEN",
								"value": "{{token}}",
								"description": ""
							}
						],
						"body": {
							"mode": "file",
							"file": {
								"src": ""
							}
						},
						"description": "Drops collection in ThingBook DB ,,Testing Only"
					},
					"response": []
				}
			]
		},
		{
			"name": "RATING",
			"description": "",
			"item": [
				{
					"name": "Get Product Rating",
					"request": {
						"url": "http://localhost:9109/ratings/products/00000346304862",
						"method": "GET",
						"header": [],
						"body": {
							"mode": "raw",
							"raw": "{\r\n  \"newRating\": 0,\r\n  \"oldRating\": 0,\r\n  \"productId\": \"string\"\r\n}"
						},
						"description": ""
					},
					"response": []
				},
				{
					"name": "Add Product Rating",
					"request": {
						"url": "http://localhost:9109/ratings/produts",
						"method": "POST",
						"header": [
							{
								"key": "Content-Type",
								"value": "application/json",
								"description": ""
							},
							{
								"key": "X-AUTH-TOKEN",
								"value": "{{token}}",
								"description": ""
							}
						],
						"body": {
							"mode": "raw",
							"raw": "{\r\n  \"newRating\": 0,\r\n  \"oldRating\": 0,\r\n  \"productId\": \"string\"\r\n}"
						},
						"description": ""
					},
					"response": []
				},
				{
					"name": "Update Product Rating",
					"request": {
						"url": "http://localhost:9109/ratings/produts",
						"method": "PUT",
						"header": [
							{
								"key": "Content-Type",
								"value": "application/json",
								"description": ""
							},
							{
								"key": "X-AUTH-TOKEN",
								"value": "{{token}}",
								"description": ""
							}
						],
						"body": {
							"mode": "raw",
							"raw": "{\r\n  \"newRating\": 0,\r\n  \"oldRating\": 0,\r\n  \"productId\": \"string\"\r\n}"
						},
						"description": ""
					},
					"response": []
				}
			]
		},
		{
			"name": "SERVICE-COMPANY",
			"description": "",
			"item": []
		},
		{
			"name": "USER",
			"description": "",
			"item": [
				{
					"name": "Get UserProfile -No Refresh",
					"request": {
						"url": "http://localhost:9101/users/?refresh=false",
						"method": "GET",
						"header": [
							{
								"key": "X-AUTH-TOKEN",
								"value": "{{token}}",
								"description": ""
							}
						],
						"body": {},
						"description": ""
					},
					"response": []
				},
				{
					"name": "Get UserProfile -Refresh",
					"request": {
						"url": "http://localhost:9101/users/?refresh=true",
						"method": "GET",
						"header": [
							{
								"key": "X-AUTH-TOKEN",
								"value": "{{token}}",
								"description": ""
							}
						],
						"body": {},
						"description": ""
					},
					"response": []
				},
				{
					"name": "Get User Rating",
					"request": {
						"url": "http://localhost:9101/users/products/00000346304862/ratings",
						"method": "GET",
						"header": [
							{
								"key": "X-AUTH-TOKEN",
								"value": "{{token}}",
								"description": ""
							}
						],
						"body": {},
						"description": ""
					},
					"response": []
				},
				{
					"name": "Add User Rating",
					"request": {
						"url": "http://localhost:9101/users/products/ratings",
						"method": "POST",
						"header": [
							{
								"key": "X-AUTH-TOKEN",
								"value": "{{token}}",
								"description": ""
							},
							{
								"key": "Content-Type",
								"value": "application/json",
								"description": ""
							}
						],
						"body": {
							"mode": "raw",
							"raw": "{\r\n  \"newRating\": 2,\r\n  \"oldRating\": 1,\r\n  \"productId\": \"00000346304862\"\r\n}"
						},
						"description": ""
					},
					"response": []
				},
				{
					"name": "Update User Profile",
					"request": {
						"url": "http://localhost:9101/users/",
						"method": "PUT",
						"header": [
							{
								"key": "Content-Type",
								"value": "application/json",
								"description": ""
							},
							{
								"key": "X-AUTH-TOKEN",
								"value": "{{token}}",
								"description": ""
							}
						],
						"body": {
							"mode": "raw",
							"raw": "{\r\n  \"profilePicture\": \"string\"\r\n}"
						},
						"description": ""
					},
					"response": []
				},
				{
					"name": "Delete User",
					"request": {
						"url": "http://localhost:9101/users/",
						"method": "DELETE",
						"header": [
							{
								"key": "X-AUTH-TOKEN",
								"value": "{{token}}",
								"description": ""
							}
						],
						"body": {},
						"description": ""
					},
					"response": []
				},
				{
					"name": "Delete User Rating",
					"request": {
						"url": "http://localhost:9101/users/products/ratings",
						"method": "DELETE",
						"header": [
							{
								"key": "X-AUTH-TOKEN",
								"value": "{{token}}",
								"description": ""
							}
						],
						"body": {},
						"description": ""
					},
					"response": []
				}
			]
		}
	]
}