{
  "id": "5085117b-cab6-d217-9d38-cec213645223",
  "name": "QA-BICS",
  "values": [
    {
      "enabled": true,
      "key": "protocol",
      "value": "http://",
      "type": "text"
    },
    {
      "enabled": true,
      "key": "sprotocol",
      "value": "https://",
      "type": "text"
    },
    {
      "enabled": true,
      "key": "url",
      "value": "-q.apps.bosch-iot-cloud.com",
      "type": "text"
    },
    {
      "enabled": true,
      "key": "token",
      "value": "1234",
      "type": "text"
    },
    {
      "enabled": true,
      "key": "client",
      "value": "mobile",
      "type": "text"
    },
    {
      "enabled": true,
      "key": "inventoryId",
      "value": "590961b1a6f4b91023dbfc10",
      "type": "text"
    },
    {
      "enabled": true,
      "key": "inventoryItemId",
      "value": "590961b1a6f4b91023dbfc0f",
      "type": "text"
    },
    {
      "enabled": true,
      "key": "fileId",
      "value": "",
      "type": "text"
    },
    {
      "enabled": true,
      "key": "channelId",
      "value": "1234",
      "type": "text"
    },
    {
      "enabled": true,
      "key": "bindingRequestID",
      "value": "1234",
      "type": "text"
    },
    {
      "enabled": true,
      "key": "touchPointType",
      "value": "type",
      "type": "text"
    },
    {
      "enabled": true,
      "key": "touchPointID",
      "value": "123",
      "type": "text"
    }
  ],
  "timestamp": 1495701483106,
  "_postman_variable_scope": "environment",
  "_postman_exported_at": "2017-05-25T11:01:01.463Z",
  "_postman_exported_using": "Postman/4.10.7"
}